Class,Precision,Recall,F1_score
Bluetooth,0.890202702702703,0.878333333333333,0.884228187919463
Noise,0.880597014925373,0.885,0.882793017456359
Unknown,0.722925457102672,0.856666666666667,0.784134248665141
WiFi,0.840189873417722,0.885,0.862012987012987
WiFi_Bluetooth_Overlap,0.937022900763359,0.818333333333333,0.873665480427046
WiFi_Bluetooth_Separated,0.979553903345725,0.878333333333333,0.926186291739895
