Class,Precision,Recall,F1_score
Bluetooth,0.844674556213018,0.951666666666667,0.894984326018809
Noise,0.897746967071057,0.863333333333333,0.880203908241291
Unknown,0.664131812420786,0.873333333333333,0.754499640028798
WiFi,0.839285714285714,0.705,0.766304347826087
WiFi_Bluetooth_Overlap,0.905587668593449,0.783333333333333,0.840035746201966
WiFi_Bluetooth_Separated,0.992523364485981,0.885,0.93568281938326
