Class,Precision,Recall,F1_score
Bluetooth,0.958041958041958,0.913333333333333,0.935153583617747
Noise,0.993377483443709,1,0.996677740863787
Unknown,0.993273542600897,0.984444444444444,0.988839285714286
WiFi,0.908722109533469,0.995555555555556,0.950159066808059
WiFi_Bluetooth_Overlap,0.919282511210762,0.911111111111111,0.915178571428571
WiFi_Bluetooth_Separated,0.988452655889146,0.951111111111111,0.969422423556059
