Class,Precision,Recall,F1_score
Bluetooth,0.957492029755579,0.901,0.928387429160227
Noise,0.949667616334283,1,0.974184120798831
Unknown,0.994675186368477,0.934,0.963383187209902
WiFi,0.847341337907376,0.988,0.912280701754386
WiFi_Bluetooth_Overlap,0.909090909090909,0.85,0.878552971576227
WiFi_Bluetooth_Separated,0.969979296066253,0.937,0.953204476093591
