Clase,Precision,Recall,F1_score
Bluetooth,0.911504424778761,0.927,0.919186911254338
Noise,0.986124876114965,0.995,0.990542558486809
Unknown,0.996858638743455,0.952,0.973913043478261
WiFi,0.810430463576159,0.979,0.886775362318841
WiFi_Bluetooth_Overlap,0.943712574850299,0.788,0.858855585831063
WiFi_Bluetooth_Separated,0.940573770491803,0.918,0.92914979757085
